{
 "files": [
  {
   "name": ".",
   "ftype": "dir",
   "chksum_type": null,
   "chksum_sha256": null,
   "format": 1
  },
  {
   "name": ".azure-pipelines",
   "ftype": "dir",
   "chksum_type": null,
   "chksum_sha256": null,
   "format": 1
  },
  {
   "name": ".azure-pipelines/scripts",
   "ftype": "dir",
   "chksum_type": null,
   "chksum_sha256": null,
   "format": 1
  },
  {
   "name": ".azure-pipelines/scripts/aggregate-coverage.sh",
   "ftype": "file",
   "chksum_type": "sha256",
   "chksum_sha256": "820353ffde6fd3ad655118772547549d84ccf0a7ba951e8fb1325f912ef640a0",
   "format": 1
  },
  {
   "name": ".azure-pipelines/scripts/combine-coverage.py",
   "ftype": "file",
   "chksum_type": "sha256",
   "chksum_sha256": "e34d4e863a65b9f53c4ca8ae37655858969898a949e050e9cb3cb0d5f02342d0",
   "format": 1
  },
  {
   "name": ".azure-pipelines/scripts/process-results.sh",
   "ftype": "file",
   "chksum_type": "sha256",
   "chksum_sha256": "c03d7273fe58882a439b6723e92ab89f1e127772b5ce35aa67c546dd62659741",
   "format": 1
  },
  {
   "name": ".azure-pipelines/scripts/publish-codecov.sh",
   "ftype": "file",
   "chksum_type": "sha256",
   "chksum_sha256": "70c795c8dbca2534b7909b17911630b7afaa693bbd7154e63a51340bc8b28dad",
   "format": 1
  },
  {
   "name": ".azure-pipelines/scripts/report-coverage.sh",
   "ftype": "file",
   "chksum_type": "sha256",
   "chksum_sha256": "f6a373322759ccc2736fb25d25d8c402dfe16b5d9a57cfccb1ca8cb136e09663",
   "format": 1
  },
  {
   "name": ".azure-pipelines/scripts/run-tests.sh",
   "ftype": "file",
   "chksum_type": "sha256",
   "chksum_sha256": "cb08a3ec5715b00d476ae6d63ca22e11a9ad8887239439937d2a7ea342e5a623",
   "format": 1
  },
  {
   "name": ".azure-pipelines/scripts/time-command.py",
   "ftype": "file",
   "chksum_type": "sha256",
   "chksum_sha256": "0232f415efeb583ddff907c058986963b775441eaf129d7162aee0acb0d36834",
   "format": 1
  },
  {
   "name": ".azure-pipelines/templates",
   "ftype": "dir",
   "chksum_type": null,
   "chksum_sha256": null,
   "format": 1
  },
  {
   "name": ".azure-pipelines/templates/coverage.yml",
   "ftype": "file",
   "chksum_type": "sha256",
   "chksum_sha256": "daf1930264760d47b54588f05c6339fd69ca2d239c77c44bc4cee3c4e9f76447",
   "format": 1
  },
  {
   "name": ".azure-pipelines/templates/matrix.yml",
   "ftype": "file",
   "chksum_type": "sha256",
   "chksum_sha256": "4fb0d3ffb2125d5806c7597e4f9d4b2af69cf8c337e9d57803081eddd4a6b081",
   "format": 1
  },
  {
   "name": ".azure-pipelines/templates/test.yml",
   "ftype": "file",
   "chksum_type": "sha256",
   "chksum_sha256": "2cfa1271f94c71f05ffa0b1f763d8946394b5636e14579cda8ee14bb38bbcf1c",
   "format": 1
  },
  {
   "name": ".azure-pipelines/README.md",
   "ftype": "file",
   "chksum_type": "sha256",
   "chksum_sha256": "61f20decd3c8fb34ac2cc6ff79f598fc5136e642130a7ba065ccc5aa37960cd2",
   "format": 1
  },
  {
   "name": ".azure-pipelines/azure-pipelines.yml",
   "ftype": "file",
   "chksum_type": "sha256",
   "chksum_sha256": "5b1a893510150749c86d1a2459f5c8d1a831dfc7be23b95e384d83eabba3ccac",
   "format": 1
  },
  {
   "name": ".github",
   "ftype": "dir",
   "chksum_type": null,
   "chksum_sha256": null,
   "format": 1
  },
  {
   "name": ".github/BOTMETA.yml",
   "ftype": "file",
   "chksum_type": "sha256",
   "chksum_sha256": "7ee518aff119ccbf58ec523c9f89315300b203f83b7df598404fa86f807c7329",
   "format": 1
  },
  {
   "name": "changelogs",
   "ftype": "dir",
   "chksum_type": null,
   "chksum_sha256": null,
   "format": 1
  },
  {
   "name": "changelogs/fragments",
   "ftype": "dir",
   "chksum_type": null,
   "chksum_sha256": null,
   "format": 1
  },
  {
   "name": "changelogs/fragments/.keep",
   "ftype": "file",
   "chksum_type": "sha256",
   "chksum_sha256": "e3b0c44298fc1c149afbf4c8996fb92427ae41e4649b934ca495991b7852b855",
   "format": 1
  },
  {
   "name": "changelogs/changelog.yaml",
   "ftype": "file",
   "chksum_type": "sha256",
   "chksum_sha256": "708532f256496e535b639a2054556f9c8cb8a109d0ff6fb476e5dc5bb2e124ab",
   "format": 1
  },
  {
   "name": "changelogs/config.yaml",
   "ftype": "file",
   "chksum_type": "sha256",
   "chksum_sha256": "cc55b6c294d6c21375d1841e286e17a55801856b592ed7d4aa30f02bb5be5bfd",
   "format": 1
  },
  {
   "name": "docs",
   "ftype": "dir",
   "chksum_type": null,
   "chksum_sha256": null,
   "format": 1
  },
  {
   "name": "docs/ansible.posix.acl_module.rst",
   "ftype": "file",
   "chksum_type": "sha256",
   "chksum_sha256": "da107515eebff0855bacfd6fed4d5403654aced2a520e5c2f6e8cb0aa363bd99",
   "format": 1
  },
  {
   "name": "docs/ansible.posix.at_module.rst",
   "ftype": "file",
   "chksum_type": "sha256",
   "chksum_sha256": "469b4ac291c6d87d4402c4a7ea6f6a65889a9e7061d50a20c64563b1a82fe817",
   "format": 1
  },
  {
   "name": "docs/ansible.posix.authorized_key_module.rst",
   "ftype": "file",
   "chksum_type": "sha256",
   "chksum_sha256": "ca651aef1b1b2af8946fdcc56b19dc1ceb0950b435edd280143bba815cc07e9c",
   "format": 1
  },
  {
   "name": "docs/ansible.posix.firewalld_info_module.rst",
   "ftype": "file",
   "chksum_type": "sha256",
   "chksum_sha256": "60e3d41853ab91b7142ef542136336a2aa54371e4921acc98b0a1300b79abb76",
   "format": 1
  },
  {
   "name": "docs/ansible.posix.firewalld_module.rst",
   "ftype": "file",
   "chksum_type": "sha256",
   "chksum_sha256": "cad80368fbfd3575cc97c4b1df2695bee36a27d681e5fe1aa76ff3b8c4db1303",
   "format": 1
  },
  {
   "name": "docs/ansible.posix.mount_module.rst",
   "ftype": "file",
   "chksum_type": "sha256",
   "chksum_sha256": "d1072d5f6e28d1d4d7567227a69d82dc93c8994aa2674d41e924ec05a06a8ad7",
   "format": 1
  },
  {
   "name": "docs/ansible.posix.patch_module.rst",
   "ftype": "file",
   "chksum_type": "sha256",
   "chksum_sha256": "225a8b50357a4f236b1bb3b0eb5b4e134a5675557a2b031611c8e6c354c7455b",
   "format": 1
  },
  {
   "name": "docs/ansible.posix.rhel_facts_module.rst",
   "ftype": "file",
   "chksum_type": "sha256",
   "chksum_sha256": "130aa2654e8b17e1b6648ecee66017f5c70cad16f6dab9e3b2a68ce0f9963859",
   "format": 1
  },
  {
   "name": "docs/ansible.posix.rhel_rpm_ostree_module.rst",
   "ftype": "file",
   "chksum_type": "sha256",
   "chksum_sha256": "79647fb9c7775c6b05ced254af834d6a487ad6a5bc6b4100e2861f1c29a27253",
   "format": 1
  },
  {
   "name": "docs/ansible.posix.rpm_ostree_upgrade_module.rst",
   "ftype": "file",
   "chksum_type": "sha256",
   "chksum_sha256": "32235c9b5eab222fc654b817af684e9de820b7913d32106755923ee1bc640efd",
   "format": 1
  },
  {
   "name": "docs/ansible.posix.seboolean_module.rst",
   "ftype": "file",
   "chksum_type": "sha256",
   "chksum_sha256": "186cd3092bbc67d8d8bade8c6c1bce56c5c2c1391e37bdeb512e064a60230eb8",
   "format": 1
  },
  {
   "name": "docs/ansible.posix.selinux_module.rst",
   "ftype": "file",
   "chksum_type": "sha256",
   "chksum_sha256": "edc06922538037f791279ccd5f53ca9eaa4d8b2e912da63c6a3d9aeba8feacfe",
   "format": 1
  },
  {
   "name": "docs/ansible.posix.synchronize_module.rst",
   "ftype": "file",
   "chksum_type": "sha256",
   "chksum_sha256": "d4fdf7cec3b540f46b7814475ca7595c98081f6c3279853ea246459d846a07d4",
   "format": 1
  },
  {
   "name": "docs/ansible.posix.sysctl_module.rst",
   "ftype": "file",
   "chksum_type": "sha256",
   "chksum_sha256": "d2be0e0ee277ed668f1f28cc6d16cc9836b8b1df1807abe1aa5fc1c883242ee5",
   "format": 1
  },
  {
   "name": "hacking",
   "ftype": "dir",
   "chksum_type": null,
   "chksum_sha256": null,
   "format": 1
  },
  {
   "name": "hacking/cgroup_perf_recap_graph.py",
   "ftype": "file",
   "chksum_type": "sha256",
   "chksum_sha256": "c5290f21b352cb16c252c9eab57520434a63ffd94fa838f29c77bec6b0abcce1",
   "format": 1
  },
  {
   "name": "meta",
   "ftype": "dir",
   "chksum_type": null,
   "chksum_sha256": null,
   "format": 1
  },
  {
   "name": "meta/runtime.yml",
   "ftype": "file",
   "chksum_type": "sha256",
   "chksum_sha256": "e370606dd1412249c37db7e0b26c37578a11458c3fea66230b11d6f39110028a",
   "format": 1
  },
  {
   "name": "plugins",
   "ftype": "dir",
   "chksum_type": null,
   "chksum_sha256": null,
   "format": 1
  },
  {
   "name": "plugins/action",
   "ftype": "dir",
   "chksum_type": null,
   "chksum_sha256": null,
   "format": 1
  },
  {
   "name": "plugins/action/__init__.py",
   "ftype": "file",
   "chksum_type": "sha256",
   "chksum_sha256": "e3b0c44298fc1c149afbf4c8996fb92427ae41e4649b934ca495991b7852b855",
   "format": 1
  },
  {
   "name": "plugins/action/patch.py",
   "ftype": "file",
   "chksum_type": "sha256",
   "chksum_sha256": "0c54bace60f8ebd672d01c4dbc40b20bf8516375b68dcf1ccee5193cb426641f",
   "format": 1
  },
  {
   "name": "plugins/action/synchronize.py",
   "ftype": "file",
   "chksum_type": "sha256",
   "chksum_sha256": "160aa876704445faffa5a756f3f1a8583a1bd96588f4c42d2ec2a58109403ebd",
   "format": 1
  },
  {
   "name": "plugins/callback",
   "ftype": "dir",
   "chksum_type": null,
   "chksum_sha256": null,
   "format": 1
  },
  {
   "name": "plugins/callback/__init__.py",
   "ftype": "file",
   "chksum_type": "sha256",
   "chksum_sha256": "e3b0c44298fc1c149afbf4c8996fb92427ae41e4649b934ca495991b7852b855",
   "format": 1
  },
  {
   "name": "plugins/callback/cgroup_perf_recap.py",
   "ftype": "file",
   "chksum_type": "sha256",
   "chksum_sha256": "3164f364f40352a4f8e3d94e9837f0546e032442e46346f316f22768468629a0",
   "format": 1
  },
  {
   "name": "plugins/callback/debug.py",
   "ftype": "file",
   "chksum_type": "sha256",
   "chksum_sha256": "37cd3ca9bd7564d9fe74ea9ee58c5b78987d6122854fcc851a7fc07f81372dfb",
   "format": 1
  },
  {
   "name": "plugins/callback/json.py",
   "ftype": "file",
   "chksum_type": "sha256",
   "chksum_sha256": "cc2f6a845b1b7d8d87e16b7fed79b860e10ea9e9b372dd0bdcbd850b9654a032",
   "format": 1
  },
  {
   "name": "plugins/callback/jsonl.py",
   "ftype": "file",
   "chksum_type": "sha256",
   "chksum_sha256": "6a56f04b2d48db72388efbad6f39693d80fa6e1bb93425cc43900119aaf89a56",
   "format": 1
  },
  {
   "name": "plugins/callback/profile_roles.py",
   "ftype": "file",
   "chksum_type": "sha256",
   "chksum_sha256": "42785e7c3e8b8b320083a3d5adffb47054fb3a55d32ae3e965b6d3e19bf3cab1",
   "format": 1
  },
  {
   "name": "plugins/callback/profile_tasks.py",
   "ftype": "file",
   "chksum_type": "sha256",
   "chksum_sha256": "85e8767ee769d5385250fc816a88cb40293ae50bc1ff25cd706a8248fba2fd3e",
   "format": 1
  },
  {
   "name": "plugins/callback/skippy.py",
   "ftype": "file",
   "chksum_type": "sha256",
   "chksum_sha256": "fd30c224afffc148fdd501dbbee90f6bd93a2ada000350961bafa3650ccef85c",
   "format": 1
  },
  {
   "name": "plugins/callback/timer.py",
   "ftype": "file",
   "chksum_type": "sha256",
   "chksum_sha256": "9b483b09122243903f820b4464573e64ab656a25aba2dd7e857afa9a25bb54cc",
   "format": 1
  },
  {
   "name": "plugins/module_utils",
   "ftype": "dir",
   "chksum_type": null,
   "chksum_sha256": null,
   "format": 1
  },
  {
   "name": "plugins/module_utils/__init__.py",
   "ftype": "file",
   "chksum_type": "sha256",
   "chksum_sha256": "e3b0c44298fc1c149afbf4c8996fb92427ae41e4649b934ca495991b7852b855",
   "format": 1
  },
  {
   "name": "plugins/module_utils/_version.py",
   "ftype": "file",
   "chksum_type": "sha256",
   "chksum_sha256": "da42772669215aa2e1592bfcba0b4cef17d06cdbcdcfeb0ae05e431252fc5a16",
   "format": 1
  },
  {
   "name": "plugins/module_utils/firewalld.py",
   "ftype": "file",
   "chksum_type": "sha256",
   "chksum_sha256": "07e827c6dd4183a502f2a0529854cb461870bef8fa98e195afa901d2443bdf95",
   "format": 1
  },
  {
   "name": "plugins/module_utils/mount.py",
   "ftype": "file",
   "chksum_type": "sha256",
   "chksum_sha256": "2b2c4aa71c6eb0b0cc2d07eeff663540a22c03b60416ede06c64da97ce8058c7",
   "format": 1
  },
  {
   "name": "plugins/module_utils/version.py",
   "ftype": "file",
   "chksum_type": "sha256",
   "chksum_sha256": "ab063b19d6340894b72ce7ce06335dc72228dbc10774d97b56c15b66db1debb0",
   "format": 1
  },
  {
   "name": "plugins/modules",
   "ftype": "dir",
   "chksum_type": null,
   "chksum_sha256": null,
   "format": 1
  },
  {
   "name": "plugins/modules/__init__.py",
   "ftype": "file",
   "chksum_type": "sha256",
   "chksum_sha256": "e3b0c44298fc1c149afbf4c8996fb92427ae41e4649b934ca495991b7852b855",
   "format": 1
  },
  {
   "name": "plugins/modules/acl.py",
   "ftype": "file",
   "chksum_type": "sha256",
   "chksum_sha256": "8b15b5615814896aadecaab706f967232ae34a2160df35b311a7073ae521d819",
   "format": 1
  },
  {
   "name": "plugins/modules/at.py",
   "ftype": "file",
   "chksum_type": "sha256",
   "chksum_sha256": "191e1e9ca7f266399bb4863524353744c84fd7c8cf52203933253352755d540d",
   "format": 1
  },
  {
   "name": "plugins/modules/authorized_key.py",
   "ftype": "file",
   "chksum_type": "sha256",
   "chksum_sha256": "202856993a1130cf648eb72871f538e6bf9a0e7cd2dd3a19e069a0d4a01dafab",
   "format": 1
  },
  {
   "name": "plugins/modules/firewalld.py",
   "ftype": "file",
   "chksum_type": "sha256",
   "chksum_sha256": "ab366a8076e0808a7c46a7b9d1ad0fc87f333ce23d4f0b9270c476c5e7d3fc12",
   "format": 1
  },
  {
   "name": "plugins/modules/firewalld_info.py",
   "ftype": "file",
   "chksum_type": "sha256",
   "chksum_sha256": "352c3669cd18bb6a62d24f95375d88c23dd0309671f995f0ae77b0bc214800c2",
   "format": 1
  },
  {
   "name": "plugins/modules/mount.py",
   "ftype": "file",
   "chksum_type": "sha256",
   "chksum_sha256": "a923016ce00367b69d1e678934f073874170ecc817d8356c67f0fe48a62fd40e",
   "format": 1
  },
  {
   "name": "plugins/modules/patch.py",
   "ftype": "file",
   "chksum_type": "sha256",
   "chksum_sha256": "dba12982c7f84a3b585d0c54699aabcf7085b6097701754ea1e23b7bdf738bb1",
   "format": 1
  },
  {
   "name": "plugins/modules/rhel_facts.py",
   "ftype": "file",
   "chksum_type": "sha256",
   "chksum_sha256": "7234ea0cc39c6a758c59e718b54a4620490c753a8208d677b7c0a6e5d6605d46",
   "format": 1
  },
  {
   "name": "plugins/modules/rhel_rpm_ostree.py",
   "ftype": "file",
   "chksum_type": "sha256",
   "chksum_sha256": "932f85f1ff8874795832c75321e93f4026fe48125767c19cd34652861810f407",
   "format": 1
  },
  {
   "name": "plugins/modules/rpm_ostree_upgrade.py",
   "ftype": "file",
   "chksum_type": "sha256",
   "chksum_sha256": "cf7a913a741975b62fa8067b75b414336bf12c88fd8dbdda5047a50695ac5d7e",
   "format": 1
  },
  {
   "name": "plugins/modules/seboolean.py",
   "ftype": "file",
   "chksum_type": "sha256",
   "chksum_sha256": "50b12a1c622a637561d772ba91ec5a1bc4fdf0c70265b52c6ccbd38cc6fc03fd",
   "format": 1
  },
  {
   "name": "plugins/modules/selinux.py",
   "ftype": "file",
   "chksum_type": "sha256",
   "chksum_sha256": "a009475d8513781673bac755f759e7727359bfdbcdba5426668ad4b313ac9965",
   "format": 1
  },
  {
   "name": "plugins/modules/synchronize.py",
   "ftype": "file",
   "chksum_type": "sha256",
   "chksum_sha256": "c91c02830c1902c9f3d373578b7cfb9609fb63e4700699cf53fda944e80f5eb5",
   "format": 1
  },
  {
   "name": "plugins/modules/sysctl.py",
   "ftype": "file",
   "chksum_type": "sha256",
   "chksum_sha256": "ddd7a638aa2dee1ef566c109615d8ba8481c2901c621fb3cc89ec346325ebdaa",
   "format": 1
  },
  {
   "name": "plugins/shell",
   "ftype": "dir",
   "chksum_type": null,
   "chksum_sha256": null,
   "format": 1
  },
  {
   "name": "plugins/shell/__init__.py",
   "ftype": "file",
   "chksum_type": "sha256",
   "chksum_sha256": "e3b0c44298fc1c149afbf4c8996fb92427ae41e4649b934ca495991b7852b855",
   "format": 1
  },
  {
   "name": "plugins/shell/csh.py",
   "ftype": "file",
   "chksum_type": "sha256",
   "chksum_sha256": "4a151568f99a529bec6981eb1cb670e9377a53c4fd4c0d6e1e625bf85d8f828b",
   "format": 1
  },
  {
   "name": "plugins/shell/fish.py",
   "ftype": "file",
   "chksum_type": "sha256",
   "chksum_sha256": "59719e3740610da6c04404e61114ed3ff5e74440b8207d59fb6af40746cff479",
   "format": 1
  },
  {
   "name": "tests",
   "ftype": "dir",
   "chksum_type": null,
   "chksum_sha256": null,
   "format": 1
  },
  {
   "name": "tests/integration",
   "ftype": "dir",
   "chksum_type": null,
   "chksum_sha256": null,
   "format": 1
  },
  {
   "name": "tests/integration/targets",
   "ftype": "dir",
   "chksum_type": null,
   "chksum_sha256": null,
   "format": 1
  },
  {
   "name": "tests/integration/targets/acl",
   "ftype": "dir",
   "chksum_type": null,
   "chksum_sha256": null,
   "format": 1
  },
  {
   "name": "tests/integration/targets/acl/tasks",
   "ftype": "dir",
   "chksum_type": null,
   "chksum_sha256": null,
   "format": 1
  },
  {
   "name": "tests/integration/targets/acl/tasks/acl.yml",
   "ftype": "file",
   "chksum_type": "sha256",
   "chksum_sha256": "048b9f16e3bd32db8b23929dfa8a19c58201c2e599060a6f748605d1c15748e1",
   "format": 1
  },
  {
   "name": "tests/integration/targets/acl/tasks/main.yml",
   "ftype": "file",
   "chksum_type": "sha256",
   "chksum_sha256": "b46186ec9f385f64bcee9e3ad7f3ef874be99a4f066582fac90a9f5b6fbb9b04",
   "format": 1
  },
  {
   "name": "tests/integration/targets/acl/aliases",
   "ftype": "file",
   "chksum_type": "sha256",
   "chksum_sha256": "0353738120a45bc2e2412c192fec1f588f1e90202513b00a241605c23f8992e6",
   "format": 1
  },
  {
   "name": "tests/integration/targets/at",
   "ftype": "dir",
   "chksum_type": null,
   "chksum_sha256": null,
   "format": 1
  },
  {
   "name": "tests/integration/targets/at/meta",
   "ftype": "dir",
   "chksum_type": null,
   "chksum_sha256": null,
   "format": 1
  },
  {
   "name": "tests/integration/targets/at/meta/main.yml",
   "ftype": "file",
   "chksum_type": "sha256",
   "chksum_sha256": "dbce11dc51ead2d8cd98e7cd7edda44554a696dc2aa59b16a4f59573c27d2c07",
   "format": 1
  },
  {
   "name": "tests/integration/targets/at/tasks",
   "ftype": "dir",
   "chksum_type": null,
   "chksum_sha256": null,
   "format": 1
  },
  {
   "name": "tests/integration/targets/at/tasks/main.yml",
   "ftype": "file",
   "chksum_type": "sha256",
   "chksum_sha256": "4b21e5a49c4e82e3757834ad9360b2a3d377dd63df215444a39355fded85f8f0",
   "format": 1
  },
  {
   "name": "tests/integration/targets/at/aliases",
   "ftype": "file",
   "chksum_type": "sha256",
   "chksum_sha256": "da1f88d17f2200ac8c91e288df5b343fea1bb4855f4355737c209ea609d19a55",
   "format": 1
  },
  {
   "name": "tests/integration/targets/authorized_key",
   "ftype": "dir",
   "chksum_type": null,
   "chksum_sha256": null,
   "format": 1
  },
  {
   "name": "tests/integration/targets/authorized_key/defaults",
   "ftype": "dir",
   "chksum_type": null,
   "chksum_sha256": null,
   "format": 1
  },
  {
   "name": "tests/integration/targets/authorized_key/defaults/main.yml",
   "ftype": "file",
   "chksum_type": "sha256",
   "chksum_sha256": "a0995524f01cef3d7e457218465aba03d42326084440ed74b35b20a561552ae4",
   "format": 1
  },
  {
   "name": "tests/integration/targets/authorized_key/files",
   "ftype": "dir",
   "chksum_type": null,
   "chksum_sha256": null,
   "format": 1
  },
  {
   "name": "tests/integration/targets/authorized_key/files/existing_authorized_keys",
   "ftype": "file",
   "chksum_type": "sha256",
   "chksum_sha256": "965fcdc2c1cb0a4317ec4ceb33d6a3237e9e7dad5d3014e39118f5fe77f72ecc",
   "format": 1
  },
  {
   "name": "tests/integration/targets/authorized_key/meta",
   "ftype": "dir",
   "chksum_type": null,
   "chksum_sha256": null,
   "format": 1
  },
  {
   "name": "tests/integration/targets/authorized_key/meta/main.yml",
   "ftype": "file",
   "chksum_type": "sha256",
   "chksum_sha256": "dbce11dc51ead2d8cd98e7cd7edda44554a696dc2aa59b16a4f59573c27d2c07",
   "format": 1
  },
  {
   "name": "tests/integration/targets/authorized_key/tasks",
   "ftype": "dir",
   "chksum_type": null,
   "chksum_sha256": null,
   "format": 1
  },
  {
   "name": "tests/integration/targets/authorized_key/tasks/check_mode.yml",
   "ftype": "file",
   "chksum_type": "sha256",
   "chksum_sha256": "5eb17dc2d92630893170a0080aa4060e3eb00b52d1c0958f9338601e49710c0c",
   "format": 1
  },
  {
   "name": "tests/integration/targets/authorized_key/tasks/comments.yml",
   "ftype": "file",
   "chksum_type": "sha256",
   "chksum_sha256": "82004179b7b5d36174bb87a8a57489bc641bd974ca2a76eb5c95d963586cbdd8",
   "format": 1
  },
  {
   "name": "tests/integration/targets/authorized_key/tasks/main.yml",
   "ftype": "file",
   "chksum_type": "sha256",
   "chksum_sha256": "20fc8f91a53a5d1aede672cbd8c8889dc215d5ad5a3142c1705a27645ff571ff",
   "format": 1
  },
  {
   "name": "tests/integration/targets/authorized_key/tasks/multiple_keys.yml",
   "ftype": "file",
   "chksum_type": "sha256",
   "chksum_sha256": "e9934102081d026208af2251823bf125edda07f3318114aafe1661876dd5888c",
   "format": 1
  },
  {
   "name": "tests/integration/targets/authorized_key/tasks/setup_steps.yml",
   "ftype": "file",
   "chksum_type": "sha256",
   "chksum_sha256": "1b29a04e6caa169378a8cf62273a236c6507ead8f486e6040f16fbbcf5ecb6da",
   "format": 1
  },
  {
   "name": "tests/integration/targets/authorized_key/tasks/ssh_dss.yml",
   "ftype": "file",
   "chksum_type": "sha256",
   "chksum_sha256": "c0eda45a147505468fcf405af91eec024d1b28543b44029c40c6232f850328f7",
   "format": 1
  },
  {
   "name": "tests/integration/targets/authorized_key/aliases",
   "ftype": "file",
   "chksum_type": "sha256",
   "chksum_sha256": "1b278c2ab4c17e15ad2ce8ff4fd9fc95fcac6b63dfda67f9b4cf3a0f45046096",
   "format": 1
  },
  {
   "name": "tests/integration/targets/firewalld",
   "ftype": "dir",
   "chksum_type": null,
   "chksum_sha256": null,
   "format": 1
  },
  {
   "name": "tests/integration/targets/firewalld/meta",
   "ftype": "dir",
   "chksum_type": null,
   "chksum_sha256": null,
   "format": 1
  },
  {
   "name": "tests/integration/targets/firewalld/meta/main.yml",
   "ftype": "file",
   "chksum_type": "sha256",
   "chksum_sha256": "ae816995bad20b4c09762e88d447ddf2793e1df8f6d61c0fdc03a7432a06e75a",
   "format": 1
  },
  {
   "name": "tests/integration/targets/firewalld/tasks",
   "ftype": "dir",
   "chksum_type": null,
   "chksum_sha256": null,
   "format": 1
  },
  {
   "name": "tests/integration/targets/firewalld/tasks/icmp_block_inversion_test_cases.yml",
   "ftype": "file",
   "chksum_type": "sha256",
   "chksum_sha256": "0ad3fb04527057717d0afab3c9588c4540ceccc8b3dfc68a71e2146c660628e9",
   "format": 1
  },
  {
   "name": "tests/integration/targets/firewalld/tasks/interface_test_cases.yml",
   "ftype": "file",
   "chksum_type": "sha256",
   "chksum_sha256": "6836efb3d7afcd57ef8a39d2260aaf2e9e97450c89afd142bf9edf3470748efc",
   "format": 1
  },
  {
   "name": "tests/integration/targets/firewalld/tasks/main.yml",
   "ftype": "file",
   "chksum_type": "sha256",
   "chksum_sha256": "be395a76bed0b9202853d4dafdb69522e3e5e951aec706a54fddb428d451ac41",
   "format": 1
  },
  {
   "name": "tests/integration/targets/firewalld/tasks/masquerade_test_cases.yml",
   "ftype": "file",
   "chksum_type": "sha256",
   "chksum_sha256": "a29794c624022bca856a525913c6cf465e37f6453205defbc56c0c1b4c24951f",
   "format": 1
  },
  {
   "name": "tests/integration/targets/firewalld/tasks/port_forward_test_cases.yml",
   "ftype": "file",
   "chksum_type": "sha256",
   "chksum_sha256": "b4256665572502c10e9ce21e7a2bb8bba25dc711fe5f0fac6df135af9997a408",
   "format": 1
  },
  {
   "name": "tests/integration/targets/firewalld/tasks/port_test_cases.yml",
   "ftype": "file",
   "chksum_type": "sha256",
   "chksum_sha256": "5e28c324d6bce7a151717c3a7cef0a9b80131fc2f9fa05f434673d0ba6b6efb6",
   "format": 1
  },
  {
   "name": "tests/integration/targets/firewalld/tasks/protocol_test_cases.yml",
   "ftype": "file",
   "chksum_type": "sha256",
   "chksum_sha256": "dbd746218be6a1bd2b71640795fdd39091c4ac2f393a452febfa1facc718e634",
   "format": 1
  },
  {
   "name": "tests/integration/targets/firewalld/tasks/run_all_tests.yml",
   "ftype": "file",
   "chksum_type": "sha256",
   "chksum_sha256": "c35168c41f47c5ff89f27dfa769bc4c214302fefd57a1d1c36105a57588cde00",
   "format": 1
  },
  {
   "name": "tests/integration/targets/firewalld/tasks/service_test_cases.yml",
   "ftype": "file",
   "chksum_type": "sha256",
   "chksum_sha256": "1778b4f3c3db20435b931f087ddde861b88a3d98437c7fb05a0898ff024c2b59",
   "format": 1
  },
  {
   "name": "tests/integration/targets/firewalld/tasks/source_test_cases.yml",
   "ftype": "file",
   "chksum_type": "sha256",
   "chksum_sha256": "07d89259a09293fd9d92158d1eeefbe7ae3b5570cbf8a9473dd52fed652c7ca2",
   "format": 1
  },
  {
   "name": "tests/integration/targets/firewalld/tasks/zone_target_test_cases.yml",
   "ftype": "file",
   "chksum_type": "sha256",
   "chksum_sha256": "0b7e0bbb9bc1a3525c227574119a77dbdee62b20917050928afc0c498b5ea667",
   "format": 1
  },
  {
   "name": "tests/integration/targets/firewalld/tasks/zone_test_cases.yml",
   "ftype": "file",
   "chksum_type": "sha256",
   "chksum_sha256": "9e6b20ed47f8cc6e53296c9069e3bc98f045a3ebc871653e885e889fa164d910",
   "format": 1
  },
  {
   "name": "tests/integration/targets/firewalld/aliases",
   "ftype": "file",
   "chksum_type": "sha256",
   "chksum_sha256": "8cfa0858471399bc858d50fbb085661dd8a67790f6f9deccc276707a780b7344",
   "format": 1
  },
  {
   "name": "tests/integration/targets/firewalld_info",
   "ftype": "dir",
   "chksum_type": null,
   "chksum_sha256": null,
   "format": 1
  },
  {
   "name": "tests/integration/targets/firewalld_info/tasks",
   "ftype": "dir",
   "chksum_type": null,
   "chksum_sha256": null,
   "format": 1
  },
  {
   "name": "tests/integration/targets/firewalld_info/tasks/main.yml",
   "ftype": "file",
   "chksum_type": "sha256",
   "chksum_sha256": "8f693407ec5966f323866537be11ff0fecc9af867817695d6e5a9f260113ce18",
   "format": 1
  },
  {
   "name": "tests/integration/targets/firewalld_info/tasks/run_tests_in_started.yml",
   "ftype": "file",
   "chksum_type": "sha256",
   "chksum_sha256": "f1b83314f4f21bae84f225e29469fb8f56469a42cf49f0156cd8cca1e40fa444",
   "format": 1
  },
  {
   "name": "tests/integration/targets/firewalld_info/tasks/run_tests_in_stopped.yml",
   "ftype": "file",
   "chksum_type": "sha256",
   "chksum_sha256": "0f8e2eaba80adfdff02c82dbb2aa33366778eb11c8a9829ef9b7d0dcc927fa32",
   "format": 1
  },
  {
   "name": "tests/integration/targets/firewalld_info/aliases",
   "ftype": "file",
   "chksum_type": "sha256",
   "chksum_sha256": "7984d26f9ecab5d592ef44fb3bf17027cc5e4368417c9d90d362efb2316145cd",
   "format": 1
  },
  {
   "name": "tests/integration/targets/mount",
   "ftype": "dir",
   "chksum_type": null,
   "chksum_sha256": null,
   "format": 1
  },
  {
   "name": "tests/integration/targets/mount/tasks",
   "ftype": "dir",
   "chksum_type": null,
   "chksum_sha256": null,
   "format": 1
  },
  {
   "name": "tests/integration/targets/mount/tasks/main.yml",
   "ftype": "file",
   "chksum_type": "sha256",
   "chksum_sha256": "9b419277b911156d725f26e83a7367932c317b4d62e5becd7ceca2fb5995bd1d",
   "format": 1
  },
  {
   "name": "tests/integration/targets/mount/aliases",
   "ftype": "file",
   "chksum_type": "sha256",
   "chksum_sha256": "cfb2b37954c9b78533383843d7de1832e55731a0d3f04012af0b6493f81ca2ec",
   "format": 1
  },
  {
   "name": "tests/integration/targets/patch",
   "ftype": "dir",
   "chksum_type": null,
   "chksum_sha256": null,
   "format": 1
  },
  {
   "name": "tests/integration/targets/patch/files",
   "ftype": "dir",
   "chksum_type": null,
   "chksum_sha256": null,
   "format": 1
  },
  {
   "name": "tests/integration/targets/patch/files/origin.txt",
   "ftype": "file",
   "chksum_type": "sha256",
   "chksum_sha256": "bf4a426759d477bec6d7967b045192f50cf9c78136dde3460fb9fbd9d240065a",
   "format": 1
  },
  {
   "name": "tests/integration/targets/patch/files/result.patch",
   "ftype": "file",
   "chksum_type": "sha256",
   "chksum_sha256": "cd77151d9cf08ba5be6e1ef168d8872463b124c6d956a601a57d08e2ddd96861",
   "format": 1
  },
  {
   "name": "tests/integration/targets/patch/files/result.txt",
   "ftype": "file",
   "chksum_type": "sha256",
   "chksum_sha256": "c1bf1c13f1f951ce21a4bc96c52515c188e556f0c66c5bfe08d082a2713aaf08",
   "format": 1
  },
  {
   "name": "tests/integration/targets/patch/files/result_whitespace.patch",
   "ftype": "file",
   "chksum_type": "sha256",
   "chksum_sha256": "0ddc49f5567541229ef8ce2fcbbd61bfc0672b94f4d0403ada91c6360376fb1b",
   "format": 1
  },
  {
   "name": "tests/integration/targets/patch/meta",
   "ftype": "dir",
   "chksum_type": null,
   "chksum_sha256": null,
   "format": 1
  },
  {
   "name": "tests/integration/targets/patch/meta/main.yml",
   "ftype": "file",
   "chksum_type": "sha256",
   "chksum_sha256": "2e3cf960c766f7d382dcaf7114d14bf1f8e12f79bb748d1320c0d305ad1d6fab",
   "format": 1
  },
  {
   "name": "tests/integration/targets/patch/tasks",
   "ftype": "dir",
   "chksum_type": null,
   "chksum_sha256": null,
   "format": 1
  },
  {
   "name": "tests/integration/targets/patch/tasks/main.yml",
   "ftype": "file",
   "chksum_type": "sha256",
   "chksum_sha256": "7340f74e1a994377e9428e0de5a3a8d3be679f45c891a69c9fdededd8cd4f782",
   "format": 1
  },
  {
   "name": "tests/integration/targets/patch/aliases",
   "ftype": "file",
   "chksum_type": "sha256",
   "chksum_sha256": "75ecf1218beeeaf7d3d4a9be2532e50ca596b067532328bcdb57c1305630f7e1",
   "format": 1
  },
  {
   "name": "tests/integration/targets/prepare_tests",
   "ftype": "dir",
   "chksum_type": null,
   "chksum_sha256": null,
   "format": 1
  },
  {
   "name": "tests/integration/targets/prepare_tests/tasks",
   "ftype": "dir",
   "chksum_type": null,
   "chksum_sha256": null,
   "format": 1
  },
  {
   "name": "tests/integration/targets/prepare_tests/tasks/main.yml",
   "ftype": "file",
   "chksum_type": "sha256",
   "chksum_sha256": "e3b0c44298fc1c149afbf4c8996fb92427ae41e4649b934ca495991b7852b855",
   "format": 1
  },
  {
   "name": "tests/integration/targets/seboolean",
   "ftype": "dir",
   "chksum_type": null,
   "chksum_sha256": null,
   "format": 1
  },
  {
   "name": "tests/integration/targets/seboolean/tasks",
   "ftype": "dir",
   "chksum_type": null,
   "chksum_sha256": null,
   "format": 1
  },
  {
   "name": "tests/integration/targets/seboolean/tasks/main.yml",
   "ftype": "file",
   "chksum_type": "sha256",
   "chksum_sha256": "c94d1cdbe249b332961d9fc3ee48e4638211a198cdd81562c4dc121cd4c975f9",
   "format": 1
  },
  {
   "name": "tests/integration/targets/seboolean/tasks/seboolean.yml",
   "ftype": "file",
   "chksum_type": "sha256",
   "chksum_sha256": "eb9f741075efc535ac295276b4ab73222d1d0e00a6fb2072e23fabaa8b05d99b",
   "format": 1
  },
  {
   "name": "tests/integration/targets/seboolean/aliases",
   "ftype": "file",
   "chksum_type": "sha256",
   "chksum_sha256": "e787ebc6acd676461477a4804f809671c4c653a273161b725340ba7b5dddd314",
   "format": 1
  },
  {
   "name": "tests/integration/targets/selinux",
   "ftype": "dir",
   "chksum_type": null,
   "chksum_sha256": null,
   "format": 1
  },
  {
   "name": "tests/integration/targets/selinux/tasks",
   "ftype": "dir",
   "chksum_type": null,
   "chksum_sha256": null,
   "format": 1
  },
  {
   "name": "tests/integration/targets/selinux/tasks/main.yml",
   "ftype": "file",
   "chksum_type": "sha256",
   "chksum_sha256": "2f1e0a3c5e1bc900dea6975ed9e64b40c996ccb117cf3faa215bf62aff1d8787",
   "format": 1
  },
  {
   "name": "tests/integration/targets/selinux/tasks/selinux.yml",
   "ftype": "file",
   "chksum_type": "sha256",
   "chksum_sha256": "25ada6c7a663199d28be792a5a7f5ecd8c3b40ae5aa1a2f91c1923c223c599fd",
   "format": 1
  },
  {
   "name": "tests/integration/targets/selinux/tasks/selogin.yml",
   "ftype": "file",
   "chksum_type": "sha256",
   "chksum_sha256": "4b31a57b4ea097d54381d692bfa58f320cd19fb39a38665fdd3dcb629a443853",
   "format": 1
  },
  {
   "name": "tests/integration/targets/selinux/aliases",
   "ftype": "file",
   "chksum_type": "sha256",
   "chksum_sha256": "e787ebc6acd676461477a4804f809671c4c653a273161b725340ba7b5dddd314",
   "format": 1
  },
  {
   "name": "tests/integration/targets/setup_pkg_mgr",
   "ftype": "dir",
   "chksum_type": null,
   "chksum_sha256": null,
   "format": 1
  },
  {
   "name": "tests/integration/targets/setup_pkg_mgr/tasks",
   "ftype": "dir",
   "chksum_type": null,
   "chksum_sha256": null,
   "format": 1
  },
  {
   "name": "tests/integration/targets/setup_pkg_mgr/tasks/main.yml",
   "ftype": "file",
   "chksum_type": "sha256",
   "chksum_sha256": "4a3ac16c80747874defcb3b8bcd0cf796fb847b440ee5ae240d7b5b71cf32c0e",
   "format": 1
  },
  {
   "name": "tests/integration/targets/synchronize",
   "ftype": "dir",
   "chksum_type": null,
   "chksum_sha256": null,
   "format": 1
  },
  {
   "name": "tests/integration/targets/synchronize/files",
   "ftype": "dir",
   "chksum_type": null,
   "chksum_sha256": null,
   "format": 1
  },
  {
   "name": "tests/integration/targets/synchronize/files/bar.txt",
   "ftype": "file",
   "chksum_type": "sha256",
   "chksum_sha256": "0b32b9ca26f2bdbd44da2b744e9341d3d201922cd82bd27d0b3a3ce217ede1ee",
   "format": 1
  },
  {
   "name": "tests/integration/targets/synchronize/files/foo.txt",
   "ftype": "file",
   "chksum_type": "sha256",
   "chksum_sha256": "0b32b9ca26f2bdbd44da2b744e9341d3d201922cd82bd27d0b3a3ce217ede1ee",
   "format": 1
  },
  {
   "name": "tests/integration/targets/synchronize/meta",
   "ftype": "dir",
   "chksum_type": null,
   "chksum_sha256": null,
   "format": 1
  },
  {
   "name": "tests/integration/targets/synchronize/meta/main.yml",
   "ftype": "file",
   "chksum_type": "sha256",
   "chksum_sha256": "dbce11dc51ead2d8cd98e7cd7edda44554a696dc2aa59b16a4f59573c27d2c07",
   "format": 1
  },
  {
   "name": "tests/integration/targets/synchronize/tasks",
   "ftype": "dir",
   "chksum_type": null,
   "chksum_sha256": null,
   "format": 1
  },
  {
   "name": "tests/integration/targets/synchronize/tasks/main.yml",
   "ftype": "file",
   "chksum_type": "sha256",
   "chksum_sha256": "3d104b541ad8878e4cbed22f2f51053d14cd7567d75949fa348b377f24045a52",
   "format": 1
  },
  {
   "name": "tests/integration/targets/synchronize/aliases",
   "ftype": "file",
   "chksum_type": "sha256",
   "chksum_sha256": "811322fad85866ac31f9501f8da0c7072809065397d53c06712447946b746b6b",
   "format": 1
  },
  {
   "name": "tests/integration/targets/sysctl",
   "ftype": "dir",
   "chksum_type": null,
   "chksum_sha256": null,
   "format": 1
  },
  {
   "name": "tests/integration/targets/sysctl/files",
   "ftype": "dir",
   "chksum_type": null,
   "chksum_sha256": null,
   "format": 1
  },
  {
   "name": "tests/integration/targets/sysctl/files/sysctl.conf",
   "ftype": "file",
   "chksum_type": "sha256",
   "chksum_sha256": "fcf1d20fc22d82574ee1cb8485cef86953af5c834500da6034b2d9d23ad098d9",
   "format": 1
  },
  {
   "name": "tests/integration/targets/sysctl/meta",
   "ftype": "dir",
   "chksum_type": null,
   "chksum_sha256": null,
   "format": 1
  },
  {
   "name": "tests/integration/targets/sysctl/meta/main.yml",
   "ftype": "file",
   "chksum_type": "sha256",
   "chksum_sha256": "dbce11dc51ead2d8cd98e7cd7edda44554a696dc2aa59b16a4f59573c27d2c07",
   "format": 1
  },
  {
   "name": "tests/integration/targets/sysctl/tasks",
   "ftype": "dir",
   "chksum_type": null,
   "chksum_sha256": null,
   "format": 1
  },
  {
   "name": "tests/integration/targets/sysctl/tasks/main.yml",
   "ftype": "file",
   "chksum_type": "sha256",
   "chksum_sha256": "60b624226ec0e01a2ca270dd50161bc31057f5f91e896c8a21efa4c3ac96b6b3",
   "format": 1
  },
  {
   "name": "tests/integration/targets/sysctl/aliases",
   "ftype": "file",
   "chksum_type": "sha256",
   "chksum_sha256": "ced244bb2b0878153d5cb44e507a6294f4bb85e6c1d22441692d46a71c028579",
   "format": 1
  },
  {
   "name": "tests/sanity",
   "ftype": "dir",
   "chksum_type": null,
   "chksum_sha256": null,
   "format": 1
  },
  {
   "name": "tests/sanity/ignore-2.10.txt",
   "ftype": "file",
   "chksum_type": "sha256",
   "chksum_sha256": "b008d5b8c90fc2c3490b01fa590be81dc21a483060eb8c8fb00815786650e5d9",
   "format": 1
  },
  {
   "name": "tests/sanity/ignore-2.11.txt",
   "ftype": "file",
   "chksum_type": "sha256",
   "chksum_sha256": "b008d5b8c90fc2c3490b01fa590be81dc21a483060eb8c8fb00815786650e5d9",
   "format": 1
  },
  {
   "name": "tests/sanity/ignore-2.12.txt",
   "ftype": "file",
   "chksum_type": "sha256",
   "chksum_sha256": "83922e97d7b323da28f74ac66ab324b1e315718a3cee1eb3863b2ebaf61e4dab",
   "format": 1
  },
  {
   "name": "tests/sanity/ignore-2.13.txt",
   "ftype": "file",
   "chksum_type": "sha256",
   "chksum_sha256": "83922e97d7b323da28f74ac66ab324b1e315718a3cee1eb3863b2ebaf61e4dab",
   "format": 1
  },
  {
   "name": "tests/sanity/ignore-2.14.txt",
   "ftype": "file",
   "chksum_type": "sha256",
   "chksum_sha256": "83922e97d7b323da28f74ac66ab324b1e315718a3cee1eb3863b2ebaf61e4dab",
   "format": 1
  },
  {
   "name": "tests/sanity/ignore-2.15.txt",
   "ftype": "file",
   "chksum_type": "sha256",
   "chksum_sha256": "83922e97d7b323da28f74ac66ab324b1e315718a3cee1eb3863b2ebaf61e4dab",
   "format": 1
  },
  {
   "name": "tests/sanity/ignore-2.16.txt",
   "ftype": "file",
   "chksum_type": "sha256",
   "chksum_sha256": "604ef6b5d6bca064a3872c50c8080523ea55f9cf3875e3858a4537ae7ce0ac62",
   "format": 1
  },
  {
   "name": "tests/sanity/ignore-2.9.txt",
   "ftype": "file",
   "chksum_type": "sha256",
   "chksum_sha256": "b008d5b8c90fc2c3490b01fa590be81dc21a483060eb8c8fb00815786650e5d9",
   "format": 1
  },
  {
   "name": "tests/unit",
   "ftype": "dir",
   "chksum_type": null,
   "chksum_sha256": null,
   "format": 1
  },
  {
   "name": "tests/unit/compat",
   "ftype": "dir",
   "chksum_type": null,
   "chksum_sha256": null,
   "format": 1
  },
  {
   "name": "tests/unit/compat/__init__.py",
   "ftype": "file",
   "chksum_type": "sha256",
   "chksum_sha256": "e3b0c44298fc1c149afbf4c8996fb92427ae41e4649b934ca495991b7852b855",
   "format": 1
  },
  {
   "name": "tests/unit/compat/builtins.py",
   "ftype": "file",
   "chksum_type": "sha256",
   "chksum_sha256": "9d16533e45649edff7537ef59bdfb80ff26b5403548dd5713ba0bf7f3aa427b1",
   "format": 1
  },
  {
   "name": "tests/unit/compat/mock.py",
   "ftype": "file",
   "chksum_type": "sha256",
   "chksum_sha256": "0af958450cf6de3fbafe94b1111eae8ba5a8dbe1d785ffbb9df81f26e4946d99",
   "format": 1
  },
  {
   "name": "tests/unit/compat/unittest.py",
   "ftype": "file",
   "chksum_type": "sha256",
   "chksum_sha256": "5401a046e5ce71fa19b6d905abd0f9bdf816c0c635f7bdda6730b3ef06e67096",
   "format": 1
  },
  {
   "name": "tests/unit/mock",
   "ftype": "dir",
   "chksum_type": null,
   "chksum_sha256": null,
   "format": 1
  },
  {
   "name": "tests/unit/mock/__init__.py",
   "ftype": "file",
   "chksum_type": "sha256",
   "chksum_sha256": "e3b0c44298fc1c149afbf4c8996fb92427ae41e4649b934ca495991b7852b855",
   "format": 1
  },
  {
   "name": "tests/unit/mock/loader.py",
   "ftype": "file",
   "chksum_type": "sha256",
   "chksum_sha256": "3b51ec0d45347a3568300e50f688998007e346f052bd2e961c2ac6d13f7cee4d",
   "format": 1
  },
  {
   "name": "tests/unit/mock/path.py",
   "ftype": "file",
   "chksum_type": "sha256",
   "chksum_sha256": "b34b2948cd0af8bb568c2b14fddffb461280b114bfb16ebb45c83a5fc0f3230e",
   "format": 1
  },
  {
   "name": "tests/unit/mock/procenv.py",
   "ftype": "file",
   "chksum_type": "sha256",
   "chksum_sha256": "1b0788b039150ffb6e569f79465878c9a34f8c9f101eeaf2026fe4c6804abd47",
   "format": 1
  },
  {
   "name": "tests/unit/mock/vault_helper.py",
   "ftype": "file",
   "chksum_type": "sha256",
   "chksum_sha256": "4535613601c419f7d20f0c21e638dabccf69b4a7fac99d5f6f9b81d1519dafd6",
   "format": 1
  },
  {
   "name": "tests/unit/mock/yaml_helper.py",
   "ftype": "file",
   "chksum_type": "sha256",
   "chksum_sha256": "b21823f6cbb8317d6a6041982a6915ebce3a59f6a6e9c21c6bc2d176082ff29a",
   "format": 1
  },
  {
   "name": "tests/unit/modules",
   "ftype": "dir",
   "chksum_type": null,
   "chksum_sha256": null,
   "format": 1
  },
  {
   "name": "tests/unit/modules/system",
   "ftype": "dir",
   "chksum_type": null,
   "chksum_sha256": null,
   "format": 1
  },
  {
   "name": "tests/unit/modules/system/__init__.py",
   "ftype": "file",
   "chksum_type": "sha256",
   "chksum_sha256": "e3b0c44298fc1c149afbf4c8996fb92427ae41e4649b934ca495991b7852b855",
   "format": 1
  },
  {
   "name": "tests/unit/modules/system/test_mount.py",
   "ftype": "file",
   "chksum_type": "sha256",
   "chksum_sha256": "d1dd267e5ef41d36c36ec7b665458ce97caa8b61197ee4416635d669aee85a34",
   "format": 1
  },
  {
   "name": "tests/unit/modules/__init__.py",
   "ftype": "file",
   "chksum_type": "sha256",
   "chksum_sha256": "e3b0c44298fc1c149afbf4c8996fb92427ae41e4649b934ca495991b7852b855",
   "format": 1
  },
  {
   "name": "tests/unit/modules/conftest.py",
   "ftype": "file",
   "chksum_type": "sha256",
   "chksum_sha256": "d8d19e32e9ef11047224bd24448369cb3e965c18cfcb5070c57d9e57960242b3",
   "format": 1
  },
  {
   "name": "tests/unit/modules/utils.py",
   "ftype": "file",
   "chksum_type": "sha256",
   "chksum_sha256": "0bcca1cb4094220ebe8c301e43dc2811fd4b6a1eb61d0b1d7cb8ae6937c0378c",
   "format": 1
  },
  {
   "name": "tests/unit/plugins",
   "ftype": "dir",
   "chksum_type": null,
   "chksum_sha256": null,
   "format": 1
  },
  {
   "name": "tests/unit/plugins/action",
   "ftype": "dir",
   "chksum_type": null,
   "chksum_sha256": null,
   "format": 1
  },
  {
   "name": "tests/unit/plugins/action/fixtures",
   "ftype": "dir",
   "chksum_type": null,
   "chksum_sha256": null,
   "format": 1
  },
  {
   "name": "tests/unit/plugins/action/fixtures/synchronize",
   "ftype": "dir",
   "chksum_type": null,
   "chksum_sha256": null,
   "format": 1
  },
  {
   "name": "tests/unit/plugins/action/fixtures/synchronize/basic",
   "ftype": "dir",
   "chksum_type": null,
   "chksum_sha256": null,
   "format": 1
  },
  {
   "name": "tests/unit/plugins/action/fixtures/synchronize/basic/meta.yaml",
   "ftype": "file",
   "chksum_type": "sha256",
   "chksum_sha256": "2ece98a6ecdeaf1331962be361aeecce1d8e207baaf2490b79ef0fb70e8ba769",
   "format": 1
  },
  {
   "name": "tests/unit/plugins/action/fixtures/synchronize/basic/task_args_out.json",
   "ftype": "file",
   "chksum_type": "sha256",
   "chksum_sha256": "f783dd5545e3314709d71773b3240dd8969262c2aa619a8851bf5a85575948ed",
   "format": 1
  },
  {
   "name": "tests/unit/plugins/action/fixtures/synchronize/basic/taskvars_in.json",
   "ftype": "file",
   "chksum_type": "sha256",
   "chksum_sha256": "6e79854cbe7de47091617855a96305bc7b3ae133bc734a363722759fdee2533d",
   "format": 1
  },
  {
   "name": "tests/unit/plugins/action/fixtures/synchronize/basic/taskvars_out.json",
   "ftype": "file",
   "chksum_type": "sha256",
   "chksum_sha256": "67f4bfd8fd8ea2353a384f51d76f520ddcb8c1d257a68a536fa4d87e08875300",
   "format": 1
  },
  {
   "name": "tests/unit/plugins/action/fixtures/synchronize/basic_become",
   "ftype": "dir",
   "chksum_type": null,
   "chksum_sha256": null,
   "format": 1
  },
  {
   "name": "tests/unit/plugins/action/fixtures/synchronize/basic_become/meta.yaml",
   "ftype": "file",
   "chksum_type": "sha256",
   "chksum_sha256": "224f4c61a52097d54dca21e6fd5e12c5dc5762d1e03f6523e89ba8727a019433",
   "format": 1
  },
  {
   "name": "tests/unit/plugins/action/fixtures/synchronize/basic_become/task_args_out.json",
   "ftype": "file",
   "chksum_type": "sha256",
   "chksum_sha256": "81fa76bf6a5c5563063ce230e398174711d6cd9374789b18f1dff07bc036ca98",
   "format": 1
  },
  {
   "name": "tests/unit/plugins/action/fixtures/synchronize/basic_become/task_vars_in.json",
   "ftype": "file",
   "chksum_type": "sha256",
   "chksum_sha256": "093ba6e047d238adc2e79ba09fcde573324afc2898701f819fd32784fcb8c945",
   "format": 1
  },
  {
   "name": "tests/unit/plugins/action/fixtures/synchronize/basic_become/task_vars_out.json",
   "ftype": "file",
   "chksum_type": "sha256",
   "chksum_sha256": "9b5b64047a3b74c82d73c6ad2d31e6561fc405fcd49637175b4f251f9528339a",
   "format": 1
  },
  {
   "name": "tests/unit/plugins/action/fixtures/synchronize/basic_become_cli",
   "ftype": "dir",
   "chksum_type": null,
   "chksum_sha256": null,
   "format": 1
  },
  {
   "name": "tests/unit/plugins/action/fixtures/synchronize/basic_become_cli/meta.yaml",
   "ftype": "file",
   "chksum_type": "sha256",
   "chksum_sha256": "905cd849fb8ccbe84b4f8e1e2ff012f31cd51cdbc070ede400aead1b4fcb6323",
   "format": 1
  },
  {
   "name": "tests/unit/plugins/action/fixtures/synchronize/basic_become_cli/task_args_out.json",
   "ftype": "file",
   "chksum_type": "sha256",
   "chksum_sha256": "81fa76bf6a5c5563063ce230e398174711d6cd9374789b18f1dff07bc036ca98",
   "format": 1
  },
  {
   "name": "tests/unit/plugins/action/fixtures/synchronize/basic_become_cli/task_vars_in.json",
   "ftype": "file",
   "chksum_type": "sha256",
   "chksum_sha256": "093ba6e047d238adc2e79ba09fcde573324afc2898701f819fd32784fcb8c945",
   "format": 1
  },
  {
   "name": "tests/unit/plugins/action/fixtures/synchronize/basic_become_cli/task_vars_out.json",
   "ftype": "file",
   "chksum_type": "sha256",
   "chksum_sha256": "9b5b64047a3b74c82d73c6ad2d31e6561fc405fcd49637175b4f251f9528339a",
   "format": 1
  },
  {
   "name": "tests/unit/plugins/action/fixtures/synchronize/basic_vagrant",
   "ftype": "dir",
   "chksum_type": null,
   "chksum_sha256": null,
   "format": 1
  },
  {
   "name": "tests/unit/plugins/action/fixtures/synchronize/basic_vagrant/meta.yaml",
   "ftype": "file",
   "chksum_type": "sha256",
   "chksum_sha256": "d3d3deff137636cd66d3c93bdb347bbbbc1eed6d92e73cd676207188ae650525",
   "format": 1
  },
  {
   "name": "tests/unit/plugins/action/fixtures/synchronize/basic_vagrant/task_args_out.json",
   "ftype": "file",
   "chksum_type": "sha256",
   "chksum_sha256": "01184d4853ee6bfd183470a56034e7bf406cd2b89fc01d4903f98cc2e0d083f3",
   "format": 1
  },
  {
   "name": "tests/unit/plugins/action/fixtures/synchronize/basic_vagrant/task_vars_in.json",
   "ftype": "file",
   "chksum_type": "sha256",
   "chksum_sha256": "599f6f6086b8013e51abe4c61cde3711449406b2d6438ff32a55a6d8fc04fadd",
   "format": 1
  },
  {
   "name": "tests/unit/plugins/action/fixtures/synchronize/basic_vagrant/task_vars_out.json",
   "ftype": "file",
   "chksum_type": "sha256",
   "chksum_sha256": "faebeeddda77db393845e024b5973ffbeeb4929fc70811852720df89a721a456",
   "format": 1
  },
  {
   "name": "tests/unit/plugins/action/fixtures/synchronize/basic_vagrant_become_cli",
   "ftype": "dir",
   "chksum_type": null,
   "chksum_sha256": null,
   "format": 1
  },
  {
   "name": "tests/unit/plugins/action/fixtures/synchronize/basic_vagrant_become_cli/meta.yaml",
   "ftype": "file",
   "chksum_type": "sha256",
   "chksum_sha256": "f112177656918d43329d658fd12bb6f903359e17d097b97be1295ac07afc9296",
   "format": 1
  },
  {
   "name": "tests/unit/plugins/action/fixtures/synchronize/basic_vagrant_become_cli/task_args_out.json",
   "ftype": "file",
   "chksum_type": "sha256",
   "chksum_sha256": "5cfd7ecf7fcd5a642c9a6986aba08aa0ac9f17e093d7dae12899816e27d0e07a",
   "format": 1
  },
  {
   "name": "tests/unit/plugins/action/fixtures/synchronize/basic_vagrant_become_cli/task_vars_in.json",
   "ftype": "file",
   "chksum_type": "sha256",
   "chksum_sha256": "523a835da2ec3a9a1d14f6d1827f2deec007720d2ac4b702c2a953c1306ca344",
   "format": 1
  },
  {
   "name": "tests/unit/plugins/action/fixtures/synchronize/basic_vagrant_become_cli/task_vars_out.json",
   "ftype": "file",
   "chksum_type": "sha256",
   "chksum_sha256": "c56548ba39f11857472ecf0b2cbef1963a054010158c091946703ad87d44775b",
   "format": 1
  },
  {
   "name": "tests/unit/plugins/action/fixtures/synchronize/basic_vagrant_sudo",
   "ftype": "dir",
   "chksum_type": null,
   "chksum_sha256": null,
   "format": 1
  },
  {
   "name": "tests/unit/plugins/action/fixtures/synchronize/basic_vagrant_sudo/meta.yaml",
   "ftype": "file",
   "chksum_type": "sha256",
   "chksum_sha256": "d3d3deff137636cd66d3c93bdb347bbbbc1eed6d92e73cd676207188ae650525",
   "format": 1
  },
  {
   "name": "tests/unit/plugins/action/fixtures/synchronize/basic_vagrant_sudo/task_args_out.json",
   "ftype": "file",
   "chksum_type": "sha256",
   "chksum_sha256": "5cfd7ecf7fcd5a642c9a6986aba08aa0ac9f17e093d7dae12899816e27d0e07a",
   "format": 1
  },
  {
   "name": "tests/unit/plugins/action/fixtures/synchronize/basic_vagrant_sudo/task_vars_in.json",
   "ftype": "file",
   "chksum_type": "sha256",
   "chksum_sha256": "523a835da2ec3a9a1d14f6d1827f2deec007720d2ac4b702c2a953c1306ca344",
   "format": 1
  },
  {
   "name": "tests/unit/plugins/action/fixtures/synchronize/basic_vagrant_sudo/task_vars_out.json",
   "ftype": "file",
   "chksum_type": "sha256",
   "chksum_sha256": "c56548ba39f11857472ecf0b2cbef1963a054010158c091946703ad87d44775b",
   "format": 1
  },
  {
   "name": "tests/unit/plugins/action/fixtures/synchronize/basic_with_private_key",
   "ftype": "dir",
   "chksum_type": null,
   "chksum_sha256": null,
   "format": 1
  },
  {
   "name": "tests/unit/plugins/action/fixtures/synchronize/basic_with_private_key/meta.yaml",
   "ftype": "file",
   "chksum_type": "sha256",
   "chksum_sha256": "148af1bf062f61bd44ddebf1dc22ccc88ae48d0f0ba259a878be80d35f928560",
   "format": 1
  },
  {
   "name": "tests/unit/plugins/action/fixtures/synchronize/basic_with_private_key/taskvars_in.json",
   "ftype": "file",
   "chksum_type": "sha256",
   "chksum_sha256": "6e79854cbe7de47091617855a96305bc7b3ae133bc734a363722759fdee2533d",
   "format": 1
  },
  {
   "name": "tests/unit/plugins/action/fixtures/synchronize/basic_with_private_key/taskvars_out.json",
   "ftype": "file",
   "chksum_type": "sha256",
   "chksum_sha256": "67f4bfd8fd8ea2353a384f51d76f520ddcb8c1d257a68a536fa4d87e08875300",
   "format": 1
  },
  {
   "name": "tests/unit/plugins/action/fixtures/synchronize/delegate_remote",
   "ftype": "dir",
   "chksum_type": null,
   "chksum_sha256": null,
   "format": 1
  },
  {
   "name": "tests/unit/plugins/action/fixtures/synchronize/delegate_remote/meta.yaml",
   "ftype": "file",
   "chksum_type": "sha256",
   "chksum_sha256": "7ab64d5da452a305eb0f1a3678579984a4599c9b9a039e6f87ce0e94be32549b",
   "format": 1
  },
  {
   "name": "tests/unit/plugins/action/fixtures/synchronize/delegate_remote/task_args_out.json",
   "ftype": "file",
   "chksum_type": "sha256",
   "chksum_sha256": "93b59f34954d12236b31d58543091c990bd716c92e35e4574da57e08f71f9414",
   "format": 1
  },
  {
   "name": "tests/unit/plugins/action/fixtures/synchronize/delegate_remote/task_vars_in.json",
   "ftype": "file",
   "chksum_type": "sha256",
   "chksum_sha256": "a068ae96cea93db9a07308be9bc2d37dbcbd73dca2a0106cd12927a609b208c4",
   "format": 1
  },
  {
   "name": "tests/unit/plugins/action/fixtures/synchronize/delegate_remote/task_vars_out.json",
   "ftype": "file",
   "chksum_type": "sha256",
   "chksum_sha256": "7dd25759287ec09c89ab61340d268aefbc31a6c2d8844cdff1294a54d12e1405",
   "format": 1
  },
  {
   "name": "tests/unit/plugins/action/fixtures/synchronize/delegate_remote_play_context_private_key",
   "ftype": "dir",
   "chksum_type": null,
   "chksum_sha256": null,
   "format": 1
  },
  {
   "name": "tests/unit/plugins/action/fixtures/synchronize/delegate_remote_play_context_private_key/meta.yaml",
   "ftype": "file",
   "chksum_type": "sha256",
   "chksum_sha256": "59a9b5678c06d2d88b62442e0ef33405a2c221ec516c7d1b351b42facb761769",
   "format": 1
  },
  {
   "name": "tests/unit/plugins/action/fixtures/synchronize/delegate_remote_play_context_private_key/task_vars_in.json",
   "ftype": "file",
   "chksum_type": "sha256",
   "chksum_sha256": "a068ae96cea93db9a07308be9bc2d37dbcbd73dca2a0106cd12927a609b208c4",
   "format": 1
  },
  {
   "name": "tests/unit/plugins/action/fixtures/synchronize/delegate_remote_play_context_private_key/task_vars_out.json",
   "ftype": "file",
   "chksum_type": "sha256",
   "chksum_sha256": "7dd25759287ec09c89ab61340d268aefbc31a6c2d8844cdff1294a54d12e1405",
   "format": 1
  },
  {
   "name": "tests/unit/plugins/action/fixtures/synchronize/delegate_remote_su",
   "ftype": "dir",
   "chksum_type": null,
   "chksum_sha256": null,
   "format": 1
  },
  {
   "name": "tests/unit/plugins/action/fixtures/synchronize/delegate_remote_su/meta.yaml",
   "ftype": "file",
   "chksum_type": "sha256",
   "chksum_sha256": "89086a4861bd3df7f373bb4e462038bfcdfdf4bf4ce765a8fa883dda4a4bd594",
   "format": 1
  },
  {
   "name": "tests/unit/plugins/action/fixtures/synchronize/delegate_remote_su/task_args_out.json",
   "ftype": "file",
   "chksum_type": "sha256",
   "chksum_sha256": "fa3324b5429406f7de53b04e2c795a79914284b78aea3050254bf9a1fb960c54",
   "format": 1
  },
  {
   "name": "tests/unit/plugins/action/fixtures/synchronize/delegate_remote_su/task_vars_in.json",
   "ftype": "file",
   "chksum_type": "sha256",
   "chksum_sha256": "edde13679989d6c7f86ad56d267e306e0dab5305c328b41fa40dd17ca07ff548",
   "format": 1
  },
  {
   "name": "tests/unit/plugins/action/fixtures/synchronize/delegate_remote_su/task_vars_out.json",
   "ftype": "file",
   "chksum_type": "sha256",
   "chksum_sha256": "96e28aa5ed2f0a0f090c73721e53798ad17cbaf9b9e330381b1eceaf553610fc",
   "format": 1
  },
  {
   "name": "tests/unit/plugins/action/fixtures/synchronize/delegate_remote_with_private_key",
   "ftype": "dir",
   "chksum_type": null,
   "chksum_sha256": null,
   "format": 1
  },
  {
   "name": "tests/unit/plugins/action/fixtures/synchronize/delegate_remote_with_private_key/meta.yaml",
   "ftype": "file",
   "chksum_type": "sha256",
   "chksum_sha256": "bd4fdaec3738ec2b54a718c88c694f26366acef11ba4f77c4d5a5e16d85de0f0",
   "format": 1
  },
  {
   "name": "tests/unit/plugins/action/fixtures/synchronize/delegate_remote_with_private_key/task_vars_in.json",
   "ftype": "file",
   "chksum_type": "sha256",
   "chksum_sha256": "a068ae96cea93db9a07308be9bc2d37dbcbd73dca2a0106cd12927a609b208c4",
   "format": 1
  },
  {
   "name": "tests/unit/plugins/action/fixtures/synchronize/delegate_remote_with_private_key/task_vars_out.json",
   "ftype": "file",
   "chksum_type": "sha256",
   "chksum_sha256": "7dd25759287ec09c89ab61340d268aefbc31a6c2d8844cdff1294a54d12e1405",
   "format": 1
  },
  {
   "name": "tests/unit/plugins/action/fixtures/synchronize/__init__.py",
   "ftype": "file",
   "chksum_type": "sha256",
   "chksum_sha256": "e3b0c44298fc1c149afbf4c8996fb92427ae41e4649b934ca495991b7852b855",
   "format": 1
  },
  {
   "name": "tests/unit/plugins/action/fixtures/__init__.py",
   "ftype": "file",
   "chksum_type": "sha256",
   "chksum_sha256": "e3b0c44298fc1c149afbf4c8996fb92427ae41e4649b934ca495991b7852b855",
   "format": 1
  },
  {
   "name": "tests/unit/plugins/action/__init__.py",
   "ftype": "file",
   "chksum_type": "sha256",
   "chksum_sha256": "e3b0c44298fc1c149afbf4c8996fb92427ae41e4649b934ca495991b7852b855",
   "format": 1
  },
  {
   "name": "tests/unit/plugins/action/test_synchronize.py",
   "ftype": "file",
   "chksum_type": "sha256",
   "chksum_sha256": "a5eb4bf737087c1850cd84d84b0c22d6ac45a1f0e46125e4f86730ddb2cbd11b",
   "format": 1
  },
  {
   "name": "tests/unit/plugins/__init__.py",
   "ftype": "file",
   "chksum_type": "sha256",
   "chksum_sha256": "e3b0c44298fc1c149afbf4c8996fb92427ae41e4649b934ca495991b7852b855",
   "format": 1
  },
  {
   "name": "tests/unit/__init__.py",
   "ftype": "file",
   "chksum_type": "sha256",
   "chksum_sha256": "e3b0c44298fc1c149afbf4c8996fb92427ae41e4649b934ca495991b7852b855",
   "format": 1
  },
  {
   "name": "tests/unit/requirements.txt",
   "ftype": "file",
   "chksum_type": "sha256",
   "chksum_sha256": "49ba996dc4735c3463e9af561344346dfae14bcc1a68096ce78364b377f0df1f",
   "format": 1
  },
  {
   "name": "tests/utils",
   "ftype": "dir",
   "chksum_type": null,
   "chksum_sha256": null,
   "format": 1
  },
  {
   "name": "tests/utils/shippable",
   "ftype": "dir",
   "chksum_type": null,
   "chksum_sha256": null,
   "format": 1
  },
  {
   "name": "tests/utils/shippable/aix.sh",
   "ftype": "file",
   "chksum_type": "sha256",
   "chksum_sha256": "2a140a1cea2fbf3b291009694bcfcf0f2877e92ec01c7e929e787f5b4cdd6d92",
   "format": 1
  },
  {
   "name": "tests/utils/shippable/aws.sh",
   "ftype": "file",
   "chksum_type": "sha256",
   "chksum_sha256": "99db6946e47cf9e49ab2fccbe0aca8ffc9aaa0918fdc9e3ef543601c55a98713",
   "format": 1
  },
  {
   "name": "tests/utils/shippable/azure.sh",
   "ftype": "file",
   "chksum_type": "sha256",
   "chksum_sha256": "99db6946e47cf9e49ab2fccbe0aca8ffc9aaa0918fdc9e3ef543601c55a98713",
   "format": 1
  },
  {
   "name": "tests/utils/shippable/cs.sh",
   "ftype": "file",
   "chksum_type": "sha256",
   "chksum_sha256": "99db6946e47cf9e49ab2fccbe0aca8ffc9aaa0918fdc9e3ef543601c55a98713",
   "format": 1
  },
  {
   "name": "tests/utils/shippable/freebsd.sh",
   "ftype": "file",
   "chksum_type": "sha256",
   "chksum_sha256": "2a140a1cea2fbf3b291009694bcfcf0f2877e92ec01c7e929e787f5b4cdd6d92",
   "format": 1
  },
  {
   "name": "tests/utils/shippable/hcloud.sh",
   "ftype": "file",
   "chksum_type": "sha256",
   "chksum_sha256": "99db6946e47cf9e49ab2fccbe0aca8ffc9aaa0918fdc9e3ef543601c55a98713",
   "format": 1
  },
  {
   "name": "tests/utils/shippable/macos.sh",
   "ftype": "file",
   "chksum_type": "sha256",
   "chksum_sha256": "2a140a1cea2fbf3b291009694bcfcf0f2877e92ec01c7e929e787f5b4cdd6d92",
   "format": 1
  },
  {
   "name": "tests/utils/shippable/osx.sh",
   "ftype": "file",
   "chksum_type": "sha256",
   "chksum_sha256": "2a140a1cea2fbf3b291009694bcfcf0f2877e92ec01c7e929e787f5b4cdd6d92",
   "format": 1
  },
  {
   "name": "tests/utils/shippable/rhel.sh",
   "ftype": "file",
   "chksum_type": "sha256",
   "chksum_sha256": "2a140a1cea2fbf3b291009694bcfcf0f2877e92ec01c7e929e787f5b4cdd6d92",
   "format": 1
  },
  {
   "name": "tests/utils/shippable/tower.sh",
   "ftype": "file",
   "chksum_type": "sha256",
   "chksum_sha256": "99db6946e47cf9e49ab2fccbe0aca8ffc9aaa0918fdc9e3ef543601c55a98713",
   "format": 1
  },
  {
   "name": "tests/utils/shippable/check_matrix.py",
   "ftype": "file",
   "chksum_type": "sha256",
   "chksum_sha256": "3eaf60b35a66f6a9a4aeac9f3af162fc0ac29e0cde61538070fe4a71165fdd17",
   "format": 1
  },
  {
   "name": "tests/utils/shippable/cloud.sh",
   "ftype": "file",
   "chksum_type": "sha256",
   "chksum_sha256": "99db6946e47cf9e49ab2fccbe0aca8ffc9aaa0918fdc9e3ef543601c55a98713",
   "format": 1
  },
  {
   "name": "tests/utils/shippable/linux.sh",
   "ftype": "file",
   "chksum_type": "sha256",
   "chksum_sha256": "07aa5e07a0b732a671bf9fdadfe073dd310b81857b897328ce2fa829e2c76315",
   "format": 1
  },
  {
   "name": "tests/utils/shippable/remote.sh",
   "ftype": "file",
   "chksum_type": "sha256",
   "chksum_sha256": "2a140a1cea2fbf3b291009694bcfcf0f2877e92ec01c7e929e787f5b4cdd6d92",
   "format": 1
  },
  {
   "name": "tests/utils/shippable/sanity.sh",
   "ftype": "file",
   "chksum_type": "sha256",
   "chksum_sha256": "8480ef74bd44699ac9d28bab9cb2f62f8c25880a51685fc0f4e2dff622939f51",
   "format": 1
  },
  {
   "name": "tests/utils/shippable/shippable.sh",
   "ftype": "file",
   "chksum_type": "sha256",
   "chksum_sha256": "b3f98d00f742db7bce6d5ce55f6005533ef1392694860e0871451d73d53389da",
   "format": 1
  },
  {
   "name": "tests/utils/shippable/timing.py",
   "ftype": "file",
   "chksum_type": "sha256",
   "chksum_sha256": "ebb7d3553349747ad41d80899ed353e13cf32fcbecbb6566cf36e9d2bc33703e",
   "format": 1
  },
  {
   "name": "tests/utils/shippable/timing.sh",
   "ftype": "file",
   "chksum_type": "sha256",
   "chksum_sha256": "f3f3cc03a997cdba719b0542fe668fc612451841cbe840ab36865f30aa54a1bd",
   "format": 1
  },
  {
   "name": "tests/utils/shippable/units.sh",
   "ftype": "file",
   "chksum_type": "sha256",
   "chksum_sha256": "9741924310f7fbbde5eac792b8a34ee33f2ff42aa30ee4d3593410bbb2961bc3",
   "format": 1
  },
  {
   "name": "tests/.gitignore",
   "ftype": "file",
   "chksum_type": "sha256",
   "chksum_sha256": "b5726d3ec9335a09c124469eca039523847a6b0f08a083efaefd002b83326600",
   "format": 1
  },
  {
   "name": "tests/requirements.yml",
   "ftype": "file",
   "chksum_type": "sha256",
   "chksum_sha256": "0876dd39a4fa0d3e5d49a3113c9502ea65b24dac5fd09783c9b43d2ebfe6774f",
   "format": 1
  },
  {
   "name": ".gitignore",
   "ftype": "file",
   "chksum_type": "sha256",
   "chksum_sha256": "5a00777ca107231dc822535458402764507be2cf2efa433ea184bb2163e07027",
   "format": 1
  },
  {
   "name": "CHANGELOG.rst",
   "ftype": "file",
   "chksum_type": "sha256",
   "chksum_sha256": "0337fc6cb2dca7732ce60ee1e62cf194faa1fb4d5c217d4247b54e664cc7ee76",
   "format": 1
  },
  {
   "name": "COPYING",
   "ftype": "file",
   "chksum_type": "sha256",
   "chksum_sha256": "0ae0485a5bd37a63e63603596417e4eb0e653334fa6c7f932ca3a0e85d4af227",
   "format": 1
  },
  {
   "name": "PSF-license.txt",
   "ftype": "file",
   "chksum_type": "sha256",
   "chksum_sha256": "83b042fc7d6aca0f10d68e45efa56b9bc0a1496608e7e7728fe09d1a534a054a",
   "format": 1
  },
  {
   "name": "README.md",
   "ftype": "file",
   "chksum_type": "sha256",
   "chksum_sha256": "d9cbedfcab9171250a3701db7d5ba88e2799e039bd6ba590513894f565190e5b",
   "format": 1
  },
  {
   "name": "bindep.txt",
   "ftype": "file",
   "chksum_type": "sha256",
   "chksum_sha256": "5db9048ae86d937bfce371bfc1843a506d729c85c14237ebbbf01c07038acf84",
   "format": 1
  },
  {
   "name": "codecov.yml",
   "ftype": "file",
   "chksum_type": "sha256",
   "chksum_sha256": "e62e0f13f9025642a52f9fcb12ca0c31d5e05f78e97224f55b3d70d47c73b549",
   "format": 1
  },
  {
   "name": "requirements.txt",
   "ftype": "file",
   "chksum_type": "sha256",
   "chksum_sha256": "e3b0c44298fc1c149afbf4c8996fb92427ae41e4649b934ca495991b7852b855",
   "format": 1
  },
  {
   "name": "shippable.yml",
   "ftype": "file",
   "chksum_type": "sha256",
   "chksum_sha256": "6d9a0d1c4f7f960e90700efe3871ff3cf1753933e82d7d3040d041326311002c",
   "format": 1
  },
  {
   "name": "test-requirements.txt",
   "ftype": "file",
   "chksum_type": "sha256",
   "chksum_sha256": "f2d896f892cafcbf0b9abb0739c94ec8c4e292b56525a9a9aef688bf5b02c096",
   "format": 1
  }
 ],
 "format": 1
}